resnum,aa,conservation,n_orthologs_aligned,n_identical
1,M,1.0,11,11
2,A,1.0,9,9
3,S,0.8889,9,8
4,G,0.7,10,7
5,A,0.5455,11,6
6,D,0.7273,11,8
7,S,0.7273,11,8
8,K,0.8182,11,9
9,G,0.4545,11,5
10,D,0.7273,11,8
11,D,0.8182,11,9
12,L,0.7273,11,8
13,S,0.7273,11,8
14,T,1.0,11,11
15,A,1.0,11,11
16,I,1.0,11,11
17,L,1.0,11,11
18,K,0.7273,11,8
19,Q,0.5455,11,6
20,K,1.0,11,11
21,N,0.4545,11,5
22,R,0.6364,11,7
23,P,0.9091,11,10
24,N,1.0,11,11
25,R,0.8182,11,9
26,L,1.0,11,11
27,I,0.7273,11,8
28,V,1.0,11,11
29,D,0.9091,11,10
30,E,0.7273,11,8
31,A,0.7273,11,8
32,I,0.7273,11,8
33,N,0.9091,11,10
34,E,0.5455,11,6
35,D,1.0,11,11
36,N,1.0,11,11
37,S,1.0,11,11
38,V,0.9091,11,10
39,V,0.7273,11,8
40,S,0.7273,11,8
41,L,0.8182,11,9
42,S,0.8182,11,9
43,Q,0.7273,11,8
44,P,0.3636,11,4
45,K,0.7273,11,8
46,M,1.0,11,11
47,D,0.8182,11,9
48,E,0.7273,11,8
49,L,1.0,11,11
50,Q,0.8182,11,9
51,L,1.0,11,11
52,F,1.0,11,11
53,R,1.0,11,11
54,G,1.0,11,11
55,D,1.0,11,11
56,T,0.9091,11,10
57,V,0.9091,11,10
58,L,0.7273,11,8
59,L,0.7273,11,8
60,K,1.0,11,11
61,G,1.0,11,11
62,K,1.0,11,11
63,K,0.8182,11,9
64,R,1.0,11,11
65,R,0.5455,11,6
66,E,0.7273,11,8
67,A,0.4545,11,5
68,V,1.0,11,11
69,C,0.7273,11,8
70,I,1.0,11,11
71,V,0.8182,11,9
72,L,0.9091,11,10
73,S,0.7273,11,8
74,D,1.0,11,11
75,D,0.7273,11,8
76,T,0.7273,11,8
77,C,0.8182,11,9
78,S,0.5455,11,6
79,D,0.8182,11,9
80,E,0.7273,11,8
81,K,0.8182,11,9
82,I,0.6364,11,7
83,R,1.0,11,11
84,M,0.8182,11,9
85,N,1.0,11,11
86,R,0.9091,11,10
87,V,1.0,11,11
88,V,1.0,11,11
89,R,1.0,11,11
90,N,0.9091,11,10
91,N,1.0,11,11
92,L,1.0,11,11
93,R,0.9091,11,10
94,V,0.8182,11,9
95,R,0.7273,11,8
96,L,1.0,11,11
97,G,0.9091,11,10
98,D,1.0,11,11
99,V,0.8182,11,9
100,I,0.6364,11,7
101,S,0.8182,11,9
102,I,0.8182,11,9
103,Q,0.6364,11,7
104,P,0.8182,11,9
105,C,0.9091,11,10
106,P,1.0,11,11
107,D,0.9091,11,10
108,V,0.7273,11,8
109,K,0.9091,11,10
110,Y,1.0,11,11
111,G,0.8182,11,9
112,K,0.7273,11,8
113,R,1.0,11,11
114,I,0.7273,11,8
115,H,0.7273,11,8
116,V,0.8182,11,9
117,L,1.0,11,11
118,P,1.0,11,11
119,I,0.8182,11,9
120,D,0.8182,11,9
121,D,0.9091,11,10
122,T,0.9091,11,10
123,V,0.7273,11,8
124,E,1.0,11,11
125,G,1.0,11,11
126,I,0.6364,11,7
127,T,1.0,11,11
128,G,1.0,11,11
129,N,0.9091,11,10
130,L,1.0,11,11
131,F,1.0,11,11
132,E,0.6364,11,7
133,V,0.8182,11,9
134,Y,0.8182,11,9
135,L,1.0,11,11
136,K,1.0,11,11
137,P,1.0,11,11
138,Y,1.0,11,11
139,F,1.0,11,11
140,L,0.8182,11,9
141,E,1.0,11,11
142,A,1.0,11,11
143,Y,1.0,11,11
144,R,1.0,11,11
145,P,1.0,11,11
146,I,0.7273,11,8
147,R,0.8182,11,9
148,K,0.9091,11,10
149,G,1.0,11,11
150,D,1.0,11,11
151,I,0.6364,11,7
152,F,1.0,11,11
153,L,0.6364,11,7
154,V,1.0,11,11
155,R,0.9091,11,10
156,G,0.8182,11,9
157,G,0.7273,11,8
158,M,1.0,11,11
159,R,1.0,11,11
160,A,0.5455,11,6
161,V,0.9091,11,10
162,E,1.0,11,11
163,F,1.0,11,11
164,K,1.0,11,11
165,V,1.0,11,11
166,V,0.9091,11,10
167,E,0.7273,11,8
168,T,0.8182,11,9
169,D,0.7273,11,8
170,P,1.0,11,11
171,S,0.5455,11,6
172,P,0.7273,11,8
173,Y,0.8182,11,9
174,C,0.8182,11,9
175,I,0.8182,11,9
176,V,1.0,11,11
177,A,0.8182,11,9
178,P,0.8182,11,9
179,D,0.9091,11,10
180,T,1.0,11,11
181,V,0.6364,11,7
182,I,1.0,11,11
183,H,0.8182,11,9
184,C,0.7273,11,8
185,E,0.9091,11,10
186,G,1.0,11,11
187,E,0.8182,11,9
188,P,1.0,11,11
189,I,0.9091,11,10
190,K,0.8182,11,9
191,R,1.0,11,11
192,E,1.0,11,11
193,D,0.8182,11,9
194,E,1.0,10,10
195,E,1.0,11,11
196,E,0.8182,11,9
197,S,0.8182,11,9
198,L,0.8182,11,9
199,N,0.8182,11,9
200,E,0.7273,11,8
201,V,0.9091,11,10
202,G,1.0,11,11
203,Y,1.0,11,11
204,D,1.0,11,11
205,D,1.0,11,11
206,I,0.8182,11,9
207,G,1.0,11,11
208,G,1.0,11,11
209,C,0.7273,11,8
210,R,1.0,11,11
211,K,0.9091,11,10
212,Q,1.0,11,11
213,L,0.7273,11,8
214,A,1.0,11,11
215,Q,1.0,11,11
216,I,1.0,11,11
217,K,0.7273,11,8
218,E,1.0,11,11
219,M,0.8182,11,9
220,V,1.0,11,11
221,E,1.0,11,11
222,L,1.0,11,11
223,P,1.0,11,11
224,L,1.0,11,11
225,R,1.0,11,11
226,H,1.0,11,11
227,P,1.0,11,11
228,A,0.5455,11,6
229,L,1.0,11,11
230,F,1.0,11,11
231,K,1.0,11,11
232,A,0.8182,11,9
233,I,1.0,11,11
234,G,1.0,11,11
235,V,0.7273,11,8
236,K,1.0,11,11
237,P,1.0,11,11
238,P,1.0,11,11
239,R,0.9091,11,10
240,G,1.0,11,11
241,I,0.9091,11,10
242,L,1.0,11,11
243,L,0.7273,11,8
244,Y,0.9091,11,10
245,G,1.0,11,11
246,P,1.0,11,11
247,P,1.0,11,11
248,G,1.0,11,11
249,T,0.9091,11,10
250,G,1.0,11,11
251,K,1.0,11,11
252,T,1.0,11,11
253,L,1.0,11,11
254,I,0.8182,11,9
255,A,1.0,11,11
256,R,1.0,11,11
257,A,1.0,11,11
258,V,1.0,11,11
259,A,1.0,11,11
260,N,1.0,11,11
261,E,1.0,11,11
262,T,1.0,11,11
263,G,1.0,11,11
264,A,0.9091,11,10
265,F,1.0,11,11
266,F,1.0,11,11
267,F,1.0,11,11
268,L,0.9091,11,10
269,I,1.0,11,11
270,N,1.0,11,11
271,G,1.0,11,11
272,P,1.0,11,11
273,E,1.0,11,11
274,I,0.8182,11,9
275,M,1.0,11,11
276,S,1.0,11,11
277,K,1.0,11,11
278,L,0.7273,11,8
279,A,0.9091,11,10
280,G,1.0,11,11
281,E,1.0,11,11
282,S,1.0,11,11
283,E,1.0,11,11
284,S,1.0,11,11
285,N,1.0,11,11
286,L,1.0,11,11
287,R,1.0,11,11
288,K,1.0,11,11
289,A,1.0,11,11
290,F,1.0,11,11
291,E,1.0,11,11
292,E,1.0,11,11
293,A,0.9091,11,10
294,E,1.0,11,11
295,K,1.0,11,11
296,N,1.0,11,11
297,A,0.7273,11,8
298,P,1.0,11,11
299,A,0.9091,11,10
300,I,1.0,11,11
301,I,0.9091,11,10
302,F,1.0,11,11
303,I,1.0,11,11
304,D,1.0,11,11
305,E,1.0,11,11
306,L,0.5455,11,6
307,D,1.0,11,11
308,A,0.7273,11,8
309,I,1.0,11,11
310,A,1.0,11,11
311,P,1.0,11,11
312,K,1.0,11,11
313,R,1.0,11,11
314,E,0.8182,11,9
315,K,1.0,11,11
316,T,1.0,11,11
317,H,0.6364,11,7
318,G,1.0,11,11
319,E,1.0,11,11
320,V,1.0,11,11
321,E,1.0,11,11
322,R,1.0,11,11
323,R,1.0,11,11
324,I,0.8182,11,9
325,V,1.0,11,11
326,S,1.0,11,11
327,Q,1.0,11,11
328,L,1.0,11,11
329,L,1.0,11,11
330,T,1.0,11,11
331,L,1.0,11,11
332,M,1.0,11,11
333,D,1.0,11,11
334,G,1.0,11,11
335,L,0.6364,11,7
336,K,1.0,11,11
337,Q,0.5455,11,6
338,R,0.9091,11,10
339,A,0.6364,11,7
340,H,0.7273,11,8
341,V,0.8182,11,9
342,I,0.7273,11,8
343,V,1.0,11,11
344,M,0.8182,11,9
345,A,0.9091,11,10
346,A,1.0,11,11
347,T,1.0,11,11
348,N,1.0,11,11
349,R,1.0,11,11
350,P,1.0,11,11
351,N,1.0,11,11
352,S,1.0,11,11
353,I,1.0,11,11
354,D,1.0,11,11
355,P,0.9091,11,10
356,A,1.0,11,11
357,L,1.0,11,11
358,R,1.0,11,11
359,R,1.0,11,11
360,F,1.0,11,11
361,G,1.0,11,11
362,R,1.0,11,11
363,F,1.0,11,11
364,D,1.0,11,11
365,R,1.0,11,11
366,E,1.0,11,11
367,V,0.7273,11,8
368,D,1.0,11,11
369,I,0.9091,11,10
370,G,1.0,11,11
371,I,0.9091,11,10
372,P,1.0,11,11
373,D,1.0,11,11
374,A,0.7273,11,8
375,T,0.8182,11,9
376,G,1.0,11,11
377,R,1.0,11,11
378,L,1.0,11,11
379,E,1.0,11,11
380,I,0.7273,11,8
381,L,1.0,11,11
382,Q,0.5455,11,6
383,I,1.0,11,11
384,H,1.0,11,11
385,T,1.0,11,11
386,K,1.0,11,11
387,N,1.0,11,11
388,M,1.0,11,11
389,K,1.0,11,11
390,L,1.0,11,11
391,A,0.8182,11,9
392,D,0.9091,11,10
393,D,1.0,11,11
394,V,1.0,11,11
395,D,1.0,11,11
396,L,1.0,11,11
397,E,1.0,11,11
398,Q,0.8182,11,9
399,V,0.5455,11,6
400,A,0.9091,11,10
401,N,0.6364,11,7
402,E,0.9091,11,10
403,T,0.8182,11,9
404,H,1.0,11,11
405,G,1.0,11,11
406,H,0.6364,11,7
407,V,1.0,11,11
408,G,1.0,11,11
409,A,0.9091,11,10
410,D,1.0,11,11
411,L,0.9091,11,10
412,A,1.0,11,11
413,A,0.6364,11,7
414,L,1.0,11,11
415,C,1.0,11,11
416,S,0.9091,11,10
417,E,1.0,11,11
418,A,1.0,11,11
419,A,1.0,11,11
420,L,0.8182,11,9
421,Q,1.0,11,11
422,A,0.5455,11,6
423,I,1.0,11,11
424,R,1.0,11,11
425,K,0.5455,11,6
426,K,1.0,11,11
427,M,1.0,11,11
428,D,0.9091,11,10
429,L,0.8182,11,9
430,I,1.0,11,11
431,D,1.0,11,11
432,L,1.0,11,11
433,E,0.8182,11,9
434,D,0.8182,11,9
435,E,0.5455,11,6
436,T,0.5455,11,6
437,I,1.0,11,11
438,D,1.0,11,11
439,A,1.0,11,11
440,E,1.0,11,11
441,V,0.9091,11,10
442,M,0.5455,11,6
443,N,0.7273,11,8
444,S,1.0,11,11
445,L,0.9091,11,10
446,A,0.8182,11,9
447,V,1.0,11,11
448,T,1.0,11,11
449,M,0.9091,11,10
450,D,0.7273,11,8
451,D,0.5455,11,6
452,F,1.0,11,11
453,R,0.9091,11,10
454,W,0.5455,11,6
455,A,1.0,11,11
456,L,0.8182,11,9
457,S,0.5455,11,6
458,Q,0.5455,11,6
459,S,1.0,11,11
460,N,0.8182,11,9
461,P,1.0,11,11
462,S,1.0,11,11
463,A,1.0,11,11
464,L,1.0,11,11
465,R,1.0,11,11
466,E,1.0,11,11
467,T,0.9091,11,10
468,V,1.0,11,11
469,V,1.0,11,11
470,E,1.0,11,11
471,V,0.8182,11,9
472,P,0.9091,11,10
473,Q,0.4545,11,5
474,V,0.7273,11,8
475,T,0.8182,11,9
476,W,1.0,11,11
477,E,0.6364,11,7
478,D,1.0,11,11
479,I,0.9091,11,10
480,G,1.0,11,11
481,G,1.0,11,11
482,L,1.0,11,11
483,E,0.7273,11,8
484,D,0.5455,11,6
485,V,0.9091,11,10
486,K,1.0,11,11
487,R,0.8182,11,9
488,E,1.0,11,11
489,L,1.0,11,11
490,Q,0.8182,11,9
491,E,0.9091,11,10
492,L,0.7273,11,8
493,V,1.0,11,11
494,Q,0.9091,11,10
495,Y,0.9091,11,10
496,P,1.0,11,11
497,V,1.0,11,11
498,E,0.8182,11,9
499,H,0.9091,11,10
500,P,0.9091,11,10
501,D,0.7273,11,8
502,K,0.9091,11,10
503,F,0.8182,11,9
504,L,0.8182,11,9
505,K,0.9091,11,10
506,F,1.0,11,11
507,G,1.0,11,11
508,M,0.8182,11,9
509,T,0.6364,11,7
510,P,1.0,11,11
511,S,1.0,11,11
512,K,0.8182,11,9
513,G,1.0,11,11
514,V,1.0,11,11
515,L,1.0,11,11
516,F,1.0,11,11
517,Y,0.9091,11,10
518,G,1.0,11,11
519,P,1.0,11,11
520,P,1.0,11,11
521,G,1.0,11,11
522,C,0.8182,11,9
523,G,1.0,11,11
524,K,1.0,11,11
525,T,1.0,11,11
526,L,1.0,11,11
527,L,1.0,11,11
528,A,1.0,11,11
529,K,1.0,11,11
530,A,1.0,11,11
531,I,0.9091,11,10
532,A,1.0,11,11
533,N,0.9091,11,10
534,E,1.0,11,11
535,C,0.9091,11,10
536,Q,0.8182,11,9
537,A,1.0,11,11
538,N,1.0,11,11
539,F,1.0,11,11
540,I,1.0,11,11
541,S,1.0,11,11
542,I,0.6364,11,7
543,K,1.0,11,11
544,G,1.0,11,11
545,P,1.0,11,11
546,E,1.0,11,11
547,L,1.0,11,11
548,L,1.0,11,11
549,T,0.8182,11,9
550,M,1.0,11,11
551,W,1.0,11,11
552,F,0.9091,11,10
553,G,1.0,11,11
554,E,1.0,11,11
555,S,1.0,11,11
556,E,1.0,11,11
557,A,0.8182,11,9
558,N,1.0,11,11
559,V,0.9091,11,10
560,R,1.0,11,11
561,E,0.6364,11,7
562,I,0.9091,11,10
563,F,1.0,11,11
564,D,1.0,11,11
565,K,1.0,11,11
566,A,1.0,11,11
567,R,1.0,11,11
568,Q,0.6364,11,7
569,A,0.9091,11,10
570,A,1.0,11,11
571,P,1.0,11,11
572,C,0.9091,11,10
573,V,1.0,11,11
574,L,0.8182,11,9
575,F,1.0,11,11
576,F,0.8182,11,9
577,D,1.0,11,11
578,E,1.0,11,11
579,L,1.0,11,11
580,D,1.0,11,11
581,S,1.0,11,11
582,I,1.0,11,11
583,A,1.0,11,11
584,K,0.9091,11,10
585,A,0.9091,11,10
586,R,1.0,11,11
587,G,1.0,11,11
588,G,0.9091,11,10
589,N,0.6364,11,7
590,I,0.4545,11,5
591,G,1.0,11,11
592,D,1.0,11,11
593,G,0.7273,11,8
594,G,1.0,11,11
595,G,1.0,11,11
596,A,1.0,10,10
597,A,0.7273,11,8
598,D,1.0,11,11
599,R,1.0,11,11
600,V,1.0,11,11
601,I,0.7273,11,8
602,N,1.0,11,11
603,Q,1.0,11,11
604,I,0.6364,11,7
605,L,1.0,11,11
606,T,1.0,11,11
607,E,1.0,11,11
608,M,1.0,11,11
609,D,1.0,11,11
610,G,1.0,11,11
611,M,0.9091,11,10
612,S,0.5455,11,6
613,T,0.3636,11,4
614,K,1.0,11,11
615,K,1.0,11,11
616,N,0.9091,11,10
617,V,1.0,11,11
618,F,1.0,11,11
619,I,0.8182,11,9
620,I,1.0,11,11
621,G,1.0,11,11
622,A,1.0,11,11
623,T,1.0,11,11
624,N,1.0,11,11
625,R,1.0,11,11
626,P,1.0,11,11
627,D,1.0,11,11
628,I,0.8182,11,9
629,I,1.0,11,11
630,D,1.0,11,11
631,P,0.9091,11,10
632,A,1.0,11,11
633,I,0.7273,11,8
634,L,0.9091,11,10
635,R,1.0,11,11
636,P,1.0,11,11
637,G,1.0,11,11
638,R,1.0,11,11
639,L,1.0,11,11
640,D,1.0,11,11
641,Q,1.0,11,11
642,L,1.0,11,11
643,I,1.0,11,11
644,Y,1.0,11,11
645,I,0.8182,11,9
646,P,1.0,11,11
647,L,1.0,11,11
648,P,1.0,11,11
649,D,1.0,11,11
650,E,0.9091,11,10
651,K,0.6364,11,7
652,S,0.8182,11,9
653,R,1.0,11,11
654,V,0.3636,11,4
655,A,0.6364,11,7
656,I,1.0,11,11
657,L,0.9091,11,10
658,K,0.8182,11,9
659,A,0.9091,11,10
660,N,0.6364,11,7
661,L,1.0,11,11
662,R,1.0,11,11
663,K,0.9091,11,10
664,S,0.7273,11,8
665,P,1.0,11,11
666,V,0.5455,11,6
667,A,0.7273,11,8
668,K,0.8182,11,9
669,D,0.8182,11,9
670,V,0.8182,11,9
671,D,0.9091,11,10
672,L,0.8182,11,9
673,E,0.3636,11,4
674,F,0.6364,11,7
675,L,0.7273,11,8
676,A,1.0,11,11
677,K,1.0,11,11
678,M,0.5455,11,6
679,T,1.0,11,11
680,N,0.5455,11,6
681,G,1.0,11,11
682,F,1.0,11,11
683,S,1.0,11,11
684,G,1.0,11,11
685,A,1.0,11,11
686,D,1.0,11,11
687,L,0.9091,11,10
688,T,0.8182,11,9
689,E,0.8182,11,9
690,I,0.9091,11,10
691,C,0.8182,11,9
692,Q,1.0,11,11
693,R,1.0,11,11
694,A,1.0,11,11
695,C,0.8182,11,9
696,K,1.0,11,11
697,L,0.8182,11,9
698,A,1.0,11,11
699,I,1.0,11,11
700,R,0.8182,11,9
701,E,0.7273,11,8
702,S,0.8182,11,9
703,I,1.0,11,11
704,E,1.0,11,11
705,S,0.3636,11,4
706,E,0.7273,11,8
707,I,0.9091,11,10
708,R,0.7273,11,8
709,R,0.7273,11,8
710,E,1.0,11,11
711,R,0.5455,11,6
712,E,0.8182,11,9
713,R,0.8182,11,9
714,Q,0.6364,11,7
715,T,0.5455,11,6
716,N,0.7273,11,8
717,P,0.7273,11,8
718,S,0.6364,11,7
719,A,0.7273,11,8
720,M,0.8182,11,9
721,E,0.7273,11,8
722,V,0.7273,11,8
723,E,0.6364,11,7
724,E,0.8182,11,9
725,D,0.7273,11,8
726,D,0.9091,11,10
727,P,0.8182,11,9
728,V,1.0,11,11
729,P,0.8182,11,9
730,E,0.8182,11,9
731,I,0.9091,11,10
732,R,0.5455,11,6
733,R,0.6364,11,7
734,D,0.5455,11,6
735,H,1.0,11,11
736,F,0.9091,11,10
737,E,0.9091,11,10
738,E,1.0,11,11
739,A,0.9091,11,10
740,M,1.0,11,11
741,R,0.5455,11,6
742,F,0.7273,11,8
743,A,1.0,11,11
744,R,0.9091,11,10
745,R,1.0,11,11
746,S,1.0,11,11
747,V,1.0,11,11
748,S,0.9091,11,10
749,D,1.0,11,11
750,N,0.7273,11,8
751,D,0.8182,11,9
752,I,0.8182,11,9
753,R,1.0,11,11
754,K,0.8182,11,9
755,Y,1.0,11,11
756,E,0.9091,11,10
757,M,0.7273,11,8
758,F,0.8182,11,9
759,A,0.9091,11,10
760,Q,0.9091,11,10
761,T,0.8182,11,9
762,L,0.9091,11,10
763,Q,0.8182,11,9
764,Q,0.8182,11,9
765,S,1.0,11,11
766,R,1.0,11,11
767,G,1.0,11,11
768,F,0.9091,11,10
769,G,0.8182,11,9
770,S,0.6364,11,7
771,F,1.0,11,11
772,R,0.7273,11,8
773,F,1.0,11,11
774,P,0.8,10,8
775,S,0.6667,9,6
776,G,0.5556,9,5
777,N,0.5556,9,5
778,Q,0.6667,9,6
779,G,0.8,10,8
780,G,0.6,10,6
781,A,0.5,10,5
782,G,0.7273,11,8
783,P,0.7273,11,8
784,S,0.9091,11,10
785,Q,0.5,10,5
786,G,0.9,10,9
787,S,0.8889,9,8
788,G,0.8889,9,8
789,G,0.7778,9,7
790,G,0.6667,9,6
791,T,0.5556,9,5
792,G,0.7778,9,7
793,G,0.7,10,7
794,S,0.4,10,4
795,V,0.6,10,6
796,Y,0.4,10,4
797,T,0.5,10,5
798,E,0.6364,11,7
799,D,0.7778,9,7
800,N,0.5556,9,5
801,D,0.9091,11,10
802,D,1.0,11,11
803,D,1.0,11,11
804,L,1.0,11,11
805,Y,1.0,11,11
806,G,0.5455,11,6
